"ID","attention_check","est_replicability","trust_authors","trust_funder","trust_journal","trust_study","COI","result","AC","cond"
1,2,0,6,4,4,6,"COI","con","correct","neg_COI"
2,2,45,5,6,5,6,"COI","con","correct","neg_COI"
3,2,90,7,4,7,7,"external COI","con","correct","neg_extCOI"
4,2,50,3,3,3,3,"COI","pro","correct","pos_COI"
5,1,50,7,4,7,7,"no COI","pro","correct","pos_noCOI"
6,2,37,5,4,5,5,"COI","con","correct","neg_COI"
7,2,55,4,3,4,4,"no COI","pro","incorrect","pos_noCOI"
8,1,60,5,3,4,6,"no COI","con","correct","neg_noCOI"
9,2,50,6,5,5,6,"COI","con","correct","neg_COI"
10,1,50,4,4,4,4,"no COI","con","correct","neg_noCOI"
11,1,50,4,4,4,4,"no COI","pro","correct","pos_noCOI"
12,2,70,6,5,6,6,"external COI","pro","correct","pos_extCOI"
13,2,67,6,5,6,6,"external COI","pro","correct","pos_extCOI"
14,2,78,5,5,5,5,"external COI","pro","correct","pos_extCOI"
15,2,80,6,6,6,6,"COI","pro","correct","pos_COI"
16,2,70,6,4,5,5,"external COI","con","correct","neg_extCOI"
17,2,35,5,4,5,4,"external COI","con","correct","neg_extCOI"
18,1,44,4,4,4,3,"no COI","con","correct","neg_noCOI"
19,2,70,6,5,6,6,"external COI","pro","correct","pos_extCOI"
20,2,70,5,4,6,3,"external COI","pro","correct","pos_extCOI"
21,2,20,4,4,4,4,"external COI","con","correct","neg_extCOI"
22,2,70,5,5,5,5,"external COI","pro","correct","pos_extCOI"
23,2,35,2,2,2,2,"external COI","con","correct","neg_extCOI"
24,2,75,7,5,7,6,"external COI","pro","correct","pos_extCOI"
25,2,80,5,4,6,6,"COI","con","correct","neg_COI"
26,2,80,7,4,6,5,"external COI","pro","correct","pos_extCOI"
27,2,50,5,3,6,5,"COI","con","correct","neg_COI"
28,2,87,6,5,6,6,"COI","con","correct","neg_COI"
29,1,80,6,5,6,5,"external COI","con","incorrect","neg_extCOI"
30,2,50,5,5,5,5,"external COI","pro","correct","pos_extCOI"
31,2,50,5,5,5,5,"external COI","pro","correct","pos_extCOI"
32,2,30,4,4,4,3,"COI","pro","correct","pos_COI"
33,2,60,4,4,4,4,"external COI","con","correct","neg_extCOI"
34,2,66,7,6,6,6,"external COI","pro","correct","pos_extCOI"
35,2,70,5,4,4,5,"external COI","con","correct","neg_extCOI"
36,1,50,5,5,5,5,"no COI","con","correct","neg_noCOI"
37,1,70,5,4,4,5,"no COI","pro","correct","pos_noCOI"
38,2,65,5,5,5,5,"external COI","pro","correct","pos_extCOI"
39,2,75,6,6,7,7,"COI","pro","correct","pos_COI"
40,2,80,6,5,6,6,"COI","con","correct","neg_COI"
41,2,30,3,3,4,3,"COI","con","correct","neg_COI"
42,2,70,4,5,4,5,"external COI","pro","correct","pos_extCOI"
43,2,50,4,4,4,3,"COI","con","correct","neg_COI"
44,2,55,5,5,6,5,"COI","pro","correct","pos_COI"
45,2,50,4,4,6,2,"COI","pro","correct","pos_COI"
46,1,80,6,2,6,6,"no COI","con","correct","neg_noCOI"
47,1,50,5,5,5,5,"COI","con","incorrect","neg_COI"
48,1,70,6,5,5,6,"external COI","con","incorrect","neg_extCOI"
49,1,75,6,4,5,6,"no COI","con","correct","neg_noCOI"
50,1,80,5,2,5,6,"external COI","con","incorrect","neg_extCOI"
51,2,75,5,4,5,5,"external COI","pro","correct","pos_extCOI"
52,2,30,4,3,3,3,"external COI","pro","correct","pos_extCOI"
53,1,50,4,4,4,4,"no COI","con","correct","neg_noCOI"
54,2,50,5,3,5,3,"COI","pro","correct","pos_COI"
55,1,70,5,5,5,6,"no COI","pro","correct","pos_noCOI"
56,1,70,4,5,5,5,"COI","pro","incorrect","pos_COI"
57,2,20,3,5,2,1,"external COI","pro","correct","pos_extCOI"
58,1,100,5,6,5,6,"no COI","con","correct","neg_noCOI"
59,1,85,6,6,6,6,"COI","pro","incorrect","pos_COI"
60,1,80,5,5,5,5,"external COI","con","incorrect","neg_extCOI"
61,1,60,5,4,4,5,"no COI","con","correct","neg_noCOI"
62,1,75,6,5,6,6,"no COI","con","correct","neg_noCOI"
63,2,70,7,5,6,6,"external COI","pro","correct","pos_extCOI"
64,2,70,4,3,3,3,"COI","con","correct","neg_COI"
65,2,75,5,3,5,5,"external COI","con","correct","neg_extCOI"
66,2,40,5,4,5,5,"COI","pro","correct","pos_COI"
67,1,80,6,7,6,7,"no COI","con","correct","neg_noCOI"
68,2,66,6,4,6,5,"external COI","pro","correct","pos_extCOI"
69,1,50,5,4,6,4,"no COI","pro","correct","pos_noCOI"
70,2,50,5,4,4,3,"COI","pro","correct","pos_COI"
71,2,50,5,5,5,5,"external COI","con","correct","neg_extCOI"
72,2,50,5,5,4,5,"external COI","pro","correct","pos_extCOI"
73,1,80,5,4,6,5,"no COI","pro","correct","pos_noCOI"
74,2,60,5,4,4,4,"COI","pro","correct","pos_COI"
75,2,65,6,5,5,6,"COI","con","correct","neg_COI"
76,1,0,1,1,1,1,"no COI","pro","correct","pos_noCOI"
77,1,90,6,6,6,7,"no COI","con","correct","neg_noCOI"
78,1,40,4,4,4,4,"no COI","pro","correct","pos_noCOI"
79,2,60,3,6,6,3,"external COI","pro","correct","pos_extCOI"
80,1,70,6,5,5,6,"no COI","pro","correct","pos_noCOI"
81,2,40,5,4,4,5,"COI","pro","correct","pos_COI"
82,1,50,4,4,4,3,"no COI","pro","correct","pos_noCOI"
83,2,90,6,6,7,6,"external COI","con","correct","neg_extCOI"
84,1,75,6,5,6,6,"no COI","pro","correct","pos_noCOI"
85,1,50,4,4,4,4,"no COI","con","correct","neg_noCOI"
86,2,90,6,4,6,6,"COI","con","correct","neg_COI"
87,2,80,7,6,6,7,"COI","con","correct","neg_COI"
88,2,50,5,4,5,5,"COI","con","correct","neg_COI"
89,1,55,6,5,4,5,"no COI","pro","correct","pos_noCOI"
90,1,60,4,5,3,5,"no COI","pro","correct","pos_noCOI"
91,1,75,6,5,5,6,"COI","con","incorrect","neg_COI"
92,2,72,5,5,5,5,"COI","pro","correct","pos_COI"
93,2,50,5,3,5,5,"external COI","con","correct","neg_extCOI"
94,2,75,6,6,6,6,"external COI","pro","correct","pos_extCOI"
95,2,50,4,3,4,3,"COI","pro","correct","pos_COI"
96,2,20,6,6,6,6,"no COI","pro","incorrect","pos_noCOI"
97,1,70,5,4,5,5,"no COI","pro","correct","pos_noCOI"
98,2,80,6,6,6,6,"COI","pro","correct","pos_COI"
99,2,70,5,3,4,5,"external COI","con","correct","neg_extCOI"
100,1,65,7,4,6,6,"external COI","pro","incorrect","pos_extCOI"
101,2,35,4,4,5,3,"COI","pro","correct","pos_COI"
102,2,75,5,4,5,5,"external COI","con","correct","neg_extCOI"
103,1,20,5,4,5,3,"no COI","pro","correct","pos_noCOI"
104,1,55,5,5,5,5,"no COI","pro","correct","pos_noCOI"
105,2,85,6,6,6,6,"external COI","pro","correct","pos_extCOI"
106,2,50,4,4,5,4,"COI","pro","correct","pos_COI"
107,1,45,4,4,4,4,"COI","pro","incorrect","pos_COI"
108,1,60,4,6,5,6,"no COI","pro","correct","pos_noCOI"
109,1,68,6,4,5,6,"no COI","pro","correct","pos_noCOI"
110,1,45,6,5,6,6,"COI","con","incorrect","neg_COI"
111,2,100,7,4,4,7,"external COI","pro","correct","pos_extCOI"
112,1,30,6,2,5,5,"no COI","con","correct","neg_noCOI"
113,2,80,5,3,5,5,"external COI","pro","correct","pos_extCOI"
114,1,80,6,4,6,6,"no COI","con","correct","neg_noCOI"
115,2,65,5,5,5,5,"external COI","con","correct","neg_extCOI"
116,1,80,7,6,6,6,"no COI","pro","correct","pos_noCOI"
117,2,25,3,5,5,2,"COI","pro","correct","pos_COI"
118,2,50,4,3,4,3,"COI","con","correct","neg_COI"
119,2,20,1,1,1,1,"COI","pro","correct","pos_COI"
120,2,70,4,3,5,5,"external COI","con","correct","neg_extCOI"
121,1,90,6,4,6,6,"no COI","con","correct","neg_noCOI"
122,1,80,5,5,5,4,"no COI","pro","correct","pos_noCOI"
123,1,60,5,4,5,4,"no COI","con","correct","neg_noCOI"
124,1,90,7,7,7,7,"no COI","con","correct","neg_noCOI"
125,1,70,6,7,6,6,"no COI","con","correct","neg_noCOI"
126,2,50,2,4,2,1,"external COI","con","correct","neg_extCOI"
127,1,90,5,6,6,6,"COI","con","incorrect","neg_COI"
128,1,80,4,5,3,5,"no COI","pro","correct","pos_noCOI"
129,2,50,4,4,4,4,"no COI","con","incorrect","neg_noCOI"
130,1,85,6,5,5,5,"no COI","pro","correct","pos_noCOI"
131,2,10,4,2,4,2,"external COI","con","correct","neg_extCOI"
132,1,75,6,3,6,5,"no COI","con","correct","neg_noCOI"
133,1,80,4,4,4,4,"external COI","con","incorrect","neg_extCOI"
134,1,85,6,6,6,5,"no COI","pro","correct","pos_noCOI"
135,2,80,5,4,5,5,"external COI","con","correct","neg_extCOI"
136,1,80,6,6,6,6,"no COI","con","correct","neg_noCOI"
137,1,50,5,5,5,5,"no COI","pro","correct","pos_noCOI"
138,2,95,6,6,6,6,"external COI","con","correct","neg_extCOI"
139,2,20,2,4,2,1,"external COI","pro","correct","pos_extCOI"
140,1,62,4,4,4,4,"COI","con","incorrect","neg_COI"
141,2,50,4,4,4,4,"COI","con","correct","neg_COI"
142,2,90,5,5,5,5,"external COI","con","correct","neg_extCOI"
143,2,30,2,2,4,2,"external COI","pro","correct","pos_extCOI"
144,2,70,5,4,5,5,"external COI","pro","correct","pos_extCOI"
145,1,80,4,4,5,4,"no COI","con","correct","neg_noCOI"
146,1,90,6,5,6,6,"no COI","con","correct","neg_noCOI"
147,1,66,5,4,5,5,"no COI","pro","correct","pos_noCOI"
148,1,70,5,3,4,5,"no COI","con","correct","neg_noCOI"
149,1,80,5,4,5,6,"no COI","pro","correct","pos_noCOI"
150,2,40,4,3,4,5,"COI","con","correct","neg_COI"
151,1,70,6,4,6,6,"no COI","pro","correct","pos_noCOI"
152,2,65,5,4,6,5,"external COI","con","correct","neg_extCOI"
153,2,85,6,6,7,6,"external COI","pro","correct","pos_extCOI"
154,2,85,5,4,5,6,"COI","con","correct","neg_COI"
155,2,85,5,4,6,6,"COI","pro","correct","pos_COI"
156,1,80,6,5,6,6,"no COI","pro","correct","pos_noCOI"
157,1,90,6,6,6,6,"COI","con","incorrect","neg_COI"
158,1,50,5,5,5,5,"no COI","pro","correct","pos_noCOI"
159,2,50,6,4,6,4,"external COI","con","correct","neg_extCOI"
160,2,90,6,5,6,6,"COI","con","correct","neg_COI"
161,1,95,5,3,5,5,"no COI","con","correct","neg_noCOI"
162,2,50,3,2,2,3,"COI","pro","correct","pos_COI"
163,2,75,5,5,5,5,"external COI","pro","correct","pos_extCOI"
164,1,90,6,6,6,6,"no COI","con","correct","neg_noCOI"
165,1,60,5,4,5,5,"external COI","pro","incorrect","pos_extCOI"
166,1,50,5,5,5,5,"no COI","con","correct","neg_noCOI"
167,2,99,7,6,7,7,"COI","pro","correct","pos_COI"
168,2,50,3,4,3,3,"COI","con","correct","neg_COI"
169,1,50,5,4,4,4,"no COI","con","correct","neg_noCOI"
170,2,55,4,4,4,5,"no COI","pro","incorrect","pos_noCOI"
171,2,70,5,6,6,5,"external COI","con","correct","neg_extCOI"
172,1,80,5,4,7,5,"no COI","pro","correct","pos_noCOI"
173,1,50,6,3,3,3,"external COI","pro","incorrect","pos_extCOI"
174,2,80,6,5,4,6,"external COI","con","correct","neg_extCOI"
175,2,80,7,6,6,6,"COI","con","correct","neg_COI"
176,2,100,1,1,1,1,"COI","con","correct","neg_COI"
177,2,85,6,4,6,6,"external COI","con","correct","neg_extCOI"
178,2,75,5,6,6,5,"external COI","pro","correct","pos_extCOI"
179,1,80,5,4,5,6,"no COI","pro","correct","pos_noCOI"
180,2,36,3,3,5,2,"external COI","pro","correct","pos_extCOI"
181,2,40,3,3,3,5,"no COI","pro","incorrect","pos_noCOI"
182,2,40,3,5,3,3,"external COI","pro","correct","pos_extCOI"
183,1,90,6,6,6,6,"no COI","con","correct","neg_noCOI"
184,1,80,6,5,6,6,"no COI","con","correct","neg_noCOI"
185,2,50,5,3,4,4,"external COI","pro","correct","pos_extCOI"
186,2,75,6,4,4,5,"external COI","con","correct","neg_extCOI"
187,2,80,6,6,6,6,"external COI","pro","correct","pos_extCOI"
188,2,90,6,6,6,6,"COI","pro","correct","pos_COI"
189,2,85,4,4,4,4,"external COI","con","correct","neg_extCOI"
190,1,70,6,6,6,6,"external COI","con","incorrect","neg_extCOI"
191,2,90,7,7,7,7,"COI","con","correct","neg_COI"
192,1,70,5,5,5,6,"no COI","pro","correct","pos_noCOI"
193,1,70,5,4,5,5,"external COI","pro","incorrect","pos_extCOI"
194,2,50,4,4,3,3,"external COI","pro","correct","pos_extCOI"
195,2,50,4,4,4,4,"COI","pro","correct","pos_COI"
196,2,90,6,5,6,6,"COI","con","correct","neg_COI"
197,2,80,5,5,5,5,"COI","con","correct","neg_COI"
198,1,85,6,6,6,6,"no COI","con","correct","neg_noCOI"
199,1,80,6,6,6,6,"no COI","pro","correct","pos_noCOI"
200,2,70,5,4,5,5,"COI","pro","correct","pos_COI"
201,1,60,4,4,4,4,"no COI","pro","correct","pos_noCOI"
202,2,95,6,6,6,6,"COI","con","correct","neg_COI"
203,2,50,4,4,4,4,"no COI","con","incorrect","neg_noCOI"
204,2,70,5,5,5,5,"no COI","pro","incorrect","pos_noCOI"
205,1,70,5,4,5,6,"no COI","con","correct","neg_noCOI"
206,1,65,4,4,6,5,"no COI","con","correct","neg_noCOI"
207,1,75,6,5,6,6,"COI","con","incorrect","neg_COI"
208,1,50,4,3,4,5,"no COI","con","correct","neg_noCOI"
209,1,80,6,6,6,6,"COI","pro","incorrect","pos_COI"
210,2,40,3,3,4,2,"COI","con","correct","neg_COI"
211,1,75,5,5,5,5,"external COI","con","incorrect","neg_extCOI"
212,2,70,5,4,6,4,"external COI","pro","correct","pos_extCOI"
213,2,50,3,4,4,2,"external COI","pro","correct","pos_extCOI"
214,2,75,6,4,7,5,"COI","pro","correct","pos_COI"
215,2,60,5,4,5,5,"no COI","pro","incorrect","pos_noCOI"
216,2,85,5,5,6,6,"COI","pro","correct","pos_COI"
217,2,70,5,5,5,5,"COI","con","correct","neg_COI"
218,2,55,4,4,5,4,"COI","pro","correct","pos_COI"
219,1,85,6,5,5,6,"COI","con","incorrect","neg_COI"
220,2,60,4,5,3,5,"COI","pro","correct","pos_COI"
221,2,50,1,1,1,1,"external COI","pro","correct","pos_extCOI"
222,1,50,6,4,6,6,"no COI","con","correct","neg_noCOI"
223,2,75,6,6,6,6,"external COI","pro","correct","pos_extCOI"
224,1,50,4,4,4,3,"no COI","con","correct","neg_noCOI"
225,1,60,5,6,5,5,"external COI","pro","incorrect","pos_extCOI"
226,1,80,6,5,6,6,"no COI","con","correct","neg_noCOI"
227,1,75,6,2,5,5,"no COI","con","correct","neg_noCOI"
228,1,90,6,6,6,6,"no COI","pro","correct","pos_noCOI"
229,1,90,6,6,6,6,"no COI","pro","correct","pos_noCOI"
230,2,60,6,4,5,5,"COI","pro","correct","pos_COI"
231,2,90,5,5,5,5,"COI","con","correct","neg_COI"
232,2,70,6,6,6,6,"COI","pro","correct","pos_COI"
233,2,50,4,4,4,2,"external COI","pro","correct","pos_extCOI"
234,2,50,4,4,4,4,"external COI","pro","correct","pos_extCOI"
235,1,70,5,5,5,6,"no COI","con","correct","neg_noCOI"
236,2,80,6,4,7,6,"external COI","pro","correct","pos_extCOI"
237,1,50,5,5,5,5,"no COI","con","correct","neg_noCOI"
238,1,80,5,6,5,5,"COI","con","incorrect","neg_COI"
239,2,50,1,3,1,1,"COI","pro","correct","pos_COI"
240,1,65,5,5,4,5,"no COI","pro","correct","pos_noCOI"
241,2,95,5,5,5,5,"COI","pro","correct","pos_COI"
242,1,95,6,3,6,6,"no COI","con","correct","neg_noCOI"
243,1,75,6,5,4,6,"no COI","pro","correct","pos_noCOI"
244,1,80,5,5,5,5,"no COI","pro","correct","pos_noCOI"
245,2,15,4,4,4,4,"external COI","con","correct","neg_extCOI"
246,2,50,4,4,4,4,"COI","con","correct","neg_COI"
247,1,80,5,6,5,5,"no COI","pro","correct","pos_noCOI"
248,1,90,6,5,6,6,"COI","con","incorrect","neg_COI"
249,1,60,4,5,4,4,"no COI","pro","correct","pos_noCOI"
250,2,25,3,2,3,2,"external COI","pro","correct","pos_extCOI"
251,1,50,4,4,4,4,"no COI","pro","correct","pos_noCOI"
252,1,70,6,4,5,6,"external COI","pro","incorrect","pos_extCOI"
253,2,65,6,6,5,6,"COI","pro","correct","pos_COI"
254,1,60,6,5,5,6,"COI","con","incorrect","neg_COI"
255,2,90,5,6,5,6,"external COI","con","correct","neg_extCOI"
256,2,60,4,4,5,5,"COI","con","correct","neg_COI"
257,1,65,5,5,5,5,"no COI","con","correct","neg_noCOI"
258,1,95,4,4,5,6,"external COI","con","incorrect","neg_extCOI"
259,1,40,4,4,4,3,"no COI","con","correct","neg_noCOI"
260,1,75,6,6,5,4,"no COI","con","correct","neg_noCOI"
261,1,70,5,4,6,5,"no COI","pro","correct","pos_noCOI"
262,1,90,7,6,7,6,"external COI","con","incorrect","neg_extCOI"
263,2,75,5,4,3,4,"external COI","con","correct","neg_extCOI"
264,2,75,5,5,5,4,"COI","pro","correct","pos_COI"
265,2,20,2,3,3,2,"external COI","pro","correct","pos_extCOI"
266,2,90,6,6,7,6,"external COI","pro","correct","pos_extCOI"
267,2,67,5,3,4,5,"external COI","con","correct","neg_extCOI"
268,2,50,4,2,4,3,"external COI","pro","correct","pos_extCOI"
269,2,90,5,4,5,5,"external COI","con","correct","neg_extCOI"
270,2,90,6,4,6,6,"COI","con","correct","neg_COI"
271,2,80,4,4,6,3,"COI","pro","correct","pos_COI"
272,2,65,5,4,4,5,"external COI","con","correct","neg_extCOI"
273,2,65,6,5,5,5,"external COI","pro","correct","pos_extCOI"
274,2,80,3,3,3,3,"external COI","pro","correct","pos_extCOI"
275,2,50,4,3,4,3,"external COI","pro","correct","pos_extCOI"
276,1,50,4,4,5,4,"no COI","pro","correct","pos_noCOI"
277,2,50,4,5,5,3,"COI","pro","correct","pos_COI"
278,1,65,5,5,5,5,"no COI","pro","correct","pos_noCOI"
279,2,75,5,6,5,6,"COI","pro","correct","pos_COI"
280,2,90,6,6,6,6,"no COI","con","incorrect","neg_noCOI"
281,2,40,2,4,4,2,"COI","pro","correct","pos_COI"
282,2,40,2,3,3,3,"external COI","pro","correct","pos_extCOI"
283,2,50,4,4,5,4,"COI","con","correct","neg_COI"
284,2,70,6,5,6,6,"COI","con","correct","neg_COI"
285,1,10,2,2,2,2,"no COI","con","correct","neg_noCOI"
286,1,70,5,5,5,5,"no COI","pro","correct","pos_noCOI"
287,1,60,6,6,6,6,"no COI","pro","correct","pos_noCOI"
288,2,50,5,4,5,4,"no COI","con","incorrect","neg_noCOI"
289,2,90,6,6,6,6,"external COI","con","correct","neg_extCOI"
290,2,90,6,6,6,7,"COI","con","correct","neg_COI"
291,2,80,6,5,6,5,"external COI","pro","correct","pos_extCOI"
292,1,85,5,4,7,7,"no COI","pro","correct","pos_noCOI"
293,2,80,5,4,5,5,"COI","con","correct","neg_COI"
294,2,50,4,4,3,4,"external COI","pro","correct","pos_extCOI"
295,1,60,4,4,4,4,"no COI","con","correct","neg_noCOI"
296,1,75,6,2,6,6,"no COI","pro","correct","pos_noCOI"
297,1,80,5,5,5,5,"no COI","pro","correct","pos_noCOI"
298,2,30,4,2,4,2,"external COI","pro","correct","pos_extCOI"
299,1,50,4,5,4,6,"no COI","con","correct","neg_noCOI"
300,2,70,6,3,6,6,"COI","con","correct","neg_COI"
301,2,75,5,2,2,2,"COI","pro","correct","pos_COI"
302,2,90,7,6,7,7,"COI","con","correct","neg_COI"
303,1,56,6,6,4,5,"no COI","con","correct","neg_noCOI"
304,2,65,5,4,4,5,"external COI","pro","correct","pos_extCOI"
305,2,90,3,5,5,5,"external COI","pro","correct","pos_extCOI"
306,2,90,6,4,6,6,"external COI","con","correct","neg_extCOI"
307,1,95,6,4,6,6,"no COI","pro","correct","pos_noCOI"
308,2,95,6,6,6,6,"COI","con","correct","neg_COI"
309,2,70,5,4,4,5,"external COI","pro","correct","pos_extCOI"
310,1,75,5,5,5,5,"no COI","con","correct","neg_noCOI"
311,2,3,3,4,6,3,"COI","pro","correct","pos_COI"
312,2,50,5,4,4,3,"external COI","pro","correct","pos_extCOI"
313,1,50,4,4,4,4,"COI","pro","incorrect","pos_COI"
314,2,50,6,5,4,6,"external COI","con","correct","neg_extCOI"
315,2,60,5,6,5,6,"external COI","con","correct","neg_extCOI"
316,2,60,6,4,6,6,"external COI","con","correct","neg_extCOI"
317,2,55,3,3,3,3,"external COI","pro","correct","pos_extCOI"
318,1,80,5,5,5,5,"no COI","pro","correct","pos_noCOI"
319,1,50,4,4,4,4,"no COI","con","correct","neg_noCOI"
320,2,55,5,4,5,5,"external COI","pro","correct","pos_extCOI"
321,2,80,7,7,7,7,"external COI","pro","correct","pos_extCOI"
322,2,90,5,5,4,6,"COI","con","correct","neg_COI"
323,2,90,6,6,7,7,"COI","con","correct","neg_COI"
324,2,30,3,3,3,3,"external COI","con","correct","neg_extCOI"
325,1,80,6,6,6,6,"no COI","con","correct","neg_noCOI"
326,2,65,4,3,5,4,"external COI","pro","correct","pos_extCOI"
327,1,75,5,5,5,5,"no COI","pro","correct","pos_noCOI"
328,1,75,6,6,5,6,"no COI","pro","correct","pos_noCOI"
329,2,80,5,5,4,6,"no COI","con","incorrect","neg_noCOI"
330,2,35,5,5,2,5,"external COI","pro","correct","pos_extCOI"
331,1,50,5,5,5,5,"no COI","pro","correct","pos_noCOI"
332,2,35,4,2,1,4,"COI","pro","correct","pos_COI"
333,2,75,5,5,6,5,"COI","con","correct","neg_COI"
334,2,58,5,3,5,5,"COI","con","correct","neg_COI"
335,2,40,7,7,7,6,"COI","pro","correct","pos_COI"
336,1,60,5,5,4,4,"COI","pro","incorrect","pos_COI"
337,1,80,6,6,6,6,"no COI","con","correct","neg_noCOI"
338,2,80,5,4,5,5,"external COI","con","correct","neg_extCOI"
339,2,80,6,4,6,5,"external COI","pro","correct","pos_extCOI"
340,1,90,5,4,4,5,"external COI","pro","incorrect","pos_extCOI"
341,2,85,6,5,6,5,"no COI","con","incorrect","neg_noCOI"
342,1,65,5,5,5,5,"no COI","pro","correct","pos_noCOI"
343,2,50,5,5,5,2,"external COI","pro","correct","pos_extCOI"
344,2,85,6,5,5,6,"COI","pro","correct","pos_COI"
345,1,80,6,4,5,6,"no COI","con","correct","neg_noCOI"
346,2,20,3,2,3,1,"external COI","pro","correct","pos_extCOI"
347,2,40,5,5,3,5,"COI","con","correct","neg_COI"
348,2,45,4,4,4,4,"no COI","con","incorrect","neg_noCOI"
349,2,40,4,4,5,4,"COI","pro","correct","pos_COI"
350,1,80,5,4,5,5,"COI","con","incorrect","neg_COI"
351,2,80,6,6,4,6,"COI","con","correct","neg_COI"
352,2,90,6,6,6,6,"external COI","con","correct","neg_extCOI"
353,2,10,4,4,4,4,"no COI","con","incorrect","neg_noCOI"
354,2,80,5,4,5,5,"COI","pro","correct","pos_COI"
355,2,90,6,5,7,6,"COI","con","correct","neg_COI"
356,1,60,4,3,5,5,"no COI","con","correct","neg_noCOI"
357,1,50,5,3,5,5,"COI","pro","incorrect","pos_COI"
358,2,80,4,4,4,4,"external COI","pro","correct","pos_extCOI"
359,1,85,5,5,5,3,"COI","con","incorrect","neg_COI"
360,2,90,5,3,5,5,"external COI","con","correct","neg_extCOI"
361,1,50,5,4,4,4,"no COI","con","correct","neg_noCOI"
362,1,40,5,4,5,3,"no COI","pro","correct","pos_noCOI"
363,2,60,2,3,3,3,"external COI","pro","correct","pos_extCOI"
364,1,60,5,5,5,5,"no COI","con","correct","neg_noCOI"
365,2,95,7,5,6,6,"COI","con","correct","neg_COI"
366,2,60,5,4,4,4,"external COI","pro","correct","pos_extCOI"
367,2,50,5,5,5,5,"COI","con","correct","neg_COI"
368,1,75,5,5,5,5,"no COI","con","correct","neg_noCOI"
369,1,80,5,6,5,5,"no COI","con","correct","neg_noCOI"
370,2,50,4,4,4,4,"external COI","con","correct","neg_extCOI"
371,2,60,5,5,6,5,"COI","pro","correct","pos_COI"
372,2,70,5,6,5,7,"external COI","pro","correct","pos_extCOI"
373,2,80,5,4,5,7,"external COI","con","correct","neg_extCOI"
374,2,70,5,5,5,5,"external COI","pro","correct","pos_extCOI"
375,2,50,5,4,5,2,"COI","pro","correct","pos_COI"
376,2,70,6,3,5,6,"external COI","con","correct","neg_extCOI"
377,1,70,4,5,5,6,"no COI","pro","correct","pos_noCOI"
378,1,70,6,5,5,5,"no COI","pro","correct","pos_noCOI"
379,1,70,5,5,5,5,"no COI","pro","correct","pos_noCOI"
380,2,40,4,2,4,2,"COI","pro","correct","pos_COI"
381,1,60,5,4,5,4,"no COI","con","correct","neg_noCOI"
382,2,95,6,6,6,6,"COI","con","correct","neg_COI"
383,1,80,6,6,6,6,"COI","pro","incorrect","pos_COI"
384,1,75,7,6,6,6,"COI","pro","incorrect","pos_COI"
385,2,60,5,4,6,5,"external COI","pro","correct","pos_extCOI"
386,1,60,5,5,5,5,"no COI","pro","correct","pos_noCOI"
387,1,70,5,6,5,6,"no COI","pro","correct","pos_noCOI"
388,2,75,6,6,6,6,"external COI","pro","correct","pos_extCOI"
389,2,50,5,5,5,5,"COI","con","correct","neg_COI"
390,1,80,6,6,6,6,"no COI","pro","correct","pos_noCOI"
391,1,75,6,6,6,6,"no COI","con","correct","neg_noCOI"
392,2,60,5,5,5,5,"external COI","pro","correct","pos_extCOI"
393,2,60,1,1,2,2,"COI","pro","correct","pos_COI"
394,2,80,6,5,6,6,"external COI","pro","correct","pos_extCOI"
395,2,60,3,3,4,3,"external COI","pro","correct","pos_extCOI"
396,1,80,6,6,6,6,"no COI","con","correct","neg_noCOI"
397,1,50,5,4,5,5,"no COI","con","correct","neg_noCOI"
398,1,70,5,4,5,6,"no COI","pro","correct","pos_noCOI"
399,2,90,6,5,6,5,"external COI","con","correct","neg_extCOI"
400,2,60,6,4,6,6,"external COI","con","correct","neg_extCOI"
401,1,80,5,5,5,6,"no COI","con","correct","neg_noCOI"
402,1,75,6,6,6,6,"no COI","pro","correct","pos_noCOI"
403,1,50,5,4,5,4,"external COI","pro","incorrect","pos_extCOI"
404,2,88,6,4,6,6,"COI","con","correct","neg_COI"
405,1,70,4,4,6,6,"no COI","pro","correct","pos_noCOI"
406,1,80,6,6,6,6,"no COI","con","correct","neg_noCOI"
407,1,100,6,6,6,6,"no COI","con","correct","neg_noCOI"
408,2,50,5,3,5,5,"external COI","con","correct","neg_extCOI"
409,2,15,5,5,5,5,"external COI","pro","correct","pos_extCOI"
410,2,50,6,5,6,6,"COI","con","correct","neg_COI"
411,1,98,6,6,7,6,"no COI","pro","correct","pos_noCOI"
412,2,50,2,3,4,2,"external COI","pro","correct","pos_extCOI"
413,1,75,6,6,7,6,"no COI","pro","correct","pos_noCOI"
414,2,75,5,5,4,5,"COI","con","correct","neg_COI"
415,1,95,6,5,5,5,"no COI","pro","correct","pos_noCOI"
416,2,90,6,4,6,6,"external COI","con","correct","neg_extCOI"
417,2,75,5,3,4,6,"external COI","con","correct","neg_extCOI"
418,2,70,7,4,6,7,"external COI","con","correct","neg_extCOI"
419,1,80,5,4,5,5,"no COI","pro","correct","pos_noCOI"
420,2,75,5,5,5,5,"COI","con","correct","neg_COI"
421,1,80,5,5,5,5,"no COI","pro","correct","pos_noCOI"
422,2,65,7,5,6,5,"COI","pro","correct","pos_COI"
423,2,100,4,3,4,4,"COI","con","correct","neg_COI"
424,2,90,6,6,6,6,"COI","pro","correct","pos_COI"
425,2,40,3,3,4,5,"no COI","con","incorrect","neg_noCOI"
426,2,30,5,4,6,5,"external COI","con","correct","neg_extCOI"
427,1,70,5,5,5,5,"external COI","con","incorrect","neg_extCOI"
428,2,20,3,3,3,3,"COI","con","correct","neg_COI"
429,2,70,5,5,5,5,"external COI","con","correct","neg_extCOI"
430,1,70,4,4,4,5,"no COI","pro","correct","pos_noCOI"
431,1,80,6,5,4,6,"no COI","con","correct","neg_noCOI"
432,2,60,6,5,5,5,"COI","pro","correct","pos_COI"
433,2,60,7,6,7,7,"external COI","pro","correct","pos_extCOI"
434,2,60,5,3,5,5,"external COI","con","correct","neg_extCOI"
435,2,85,6,5,6,5,"external COI","pro","correct","pos_extCOI"
436,1,50,5,4,5,6,"external COI","con","incorrect","neg_extCOI"
437,1,95,6,5,7,5,"no COI","pro","correct","pos_noCOI"
438,1,60,5,5,5,5,"no COI","pro","correct","pos_noCOI"
439,1,55,5,4,5,5,"COI","pro","incorrect","pos_COI"
440,1,70,6,6,6,6,"no COI","pro","correct","pos_noCOI"
441,1,75,6,6,6,6,"no COI","pro","correct","pos_noCOI"
442,2,40,2,2,2,2,"external COI","pro","correct","pos_extCOI"
443,1,50,4,4,4,4,"no COI","pro","correct","pos_noCOI"
444,2,75,5,4,6,6,"external COI","pro","correct","pos_extCOI"
445,2,65,5,4,5,6,"no COI","pro","incorrect","pos_noCOI"
446,2,50,4,4,4,4,"no COI","pro","incorrect","pos_noCOI"
447,2,80,6,6,6,6,"external COI","con","correct","neg_extCOI"
448,2,60,5,5,4,5,"external COI","con","correct","neg_extCOI"
449,2,20,3,3,4,3,"COI","pro","correct","pos_COI"
450,1,60,4,5,5,5,"external COI","con","incorrect","neg_extCOI"
451,1,20,4,5,5,6,"no COI","pro","correct","pos_noCOI"
452,2,75,5,4,5,6,"external COI","pro","correct","pos_extCOI"
453,2,80,6,4,6,6,"external COI","con","correct","neg_extCOI"
454,1,65,4,4,4,4,"no COI","con","correct","neg_noCOI"
455,2,75,5,6,4,6,"external COI","con","correct","neg_extCOI"
456,2,80,6,5,5,5,"external COI","pro","correct","pos_extCOI"
457,2,70,6,6,6,6,"COI","pro","correct","pos_COI"
458,1,65,5,6,5,5,"external COI","pro","incorrect","pos_extCOI"
459,1,70,7,4,6,6,"no COI","pro","correct","pos_noCOI"
460,2,80,6,4,5,6,"external COI","con","correct","neg_extCOI"
461,2,50,5,5,5,6,"COI","pro","correct","pos_COI"
462,2,50,5,5,5,5,"COI","con","correct","neg_COI"
463,2,60,4,4,4,4,"COI","pro","correct","pos_COI"
464,2,75,6,6,7,6,"COI","pro","correct","pos_COI"
465,2,75,5,4,4,6,"external COI","con","correct","neg_extCOI"
466,2,80,7,5,6,6,"external COI","pro","correct","pos_extCOI"
467,2,50,4,4,4,4,"COI","con","correct","neg_COI"
468,1,40,4,3,4,3,"no COI","con","correct","neg_noCOI"
469,1,70,5,5,5,5,"no COI","pro","correct","pos_noCOI"
470,2,80,5,5,5,5,"external COI","pro","correct","pos_extCOI"
471,1,75,5,5,5,5,"no COI","con","correct","neg_noCOI"
472,1,60,6,5,6,5,"no COI","con","correct","neg_noCOI"
473,1,50,4,4,4,3,"external COI","pro","incorrect","pos_extCOI"
474,1,75,6,4,6,3,"external COI","pro","incorrect","pos_extCOI"
475,1,80,5,6,5,3,"no COI","pro","correct","pos_noCOI"
476,2,70,6,6,7,6,"external COI","con","correct","neg_extCOI"
477,1,70,6,4,5,6,"no COI","con","correct","neg_noCOI"
478,1,70,5,4,5,5,"COI","pro","incorrect","pos_COI"
479,1,100,7,7,7,7,"no COI","con","correct","neg_noCOI"
480,2,50,4,5,5,4,"COI","pro","correct","pos_COI"
481,2,50,4,4,4,5,"external COI","con","correct","neg_extCOI"
482,2,50,4,4,4,4,"external COI","pro","correct","pos_extCOI"
483,1,70,6,6,5,6,"external COI","pro","incorrect","pos_extCOI"
484,1,75,6,6,6,6,"no COI","con","correct","neg_noCOI"
485,1,50,7,7,6,7,"COI","con","incorrect","neg_COI"
486,2,99,7,6,7,7,"COI","con","correct","neg_COI"
487,2,60,6,3,6,6,"external COI","con","correct","neg_extCOI"
488,1,50,4,4,4,4,"no COI","pro","correct","pos_noCOI"
489,2,80,6,7,6,6,"external COI","pro","correct","pos_extCOI"
490,2,100,7,7,7,7,"COI","con","correct","neg_COI"
491,2,85,5,4,6,5,"external COI","pro","correct","pos_extCOI"
492,1,80,6,5,6,5,"no COI","pro","correct","pos_noCOI"
493,1,80,6,4,4,6,"no COI","pro","correct","pos_noCOI"
494,2,50,6,4,6,6,"COI","con","correct","neg_COI"
495,1,65,5,5,5,5,"no COI","pro","correct","pos_noCOI"
496,2,20,2,2,2,2,"external COI","pro","correct","pos_extCOI"
497,1,70,5,4,5,6,"no COI","con","correct","neg_noCOI"
498,1,85,6,6,6,6,"no COI","pro","correct","pos_noCOI"
499,2,90,6,4,5,6,"external COI","pro","correct","pos_extCOI"
500,1,80,6,4,6,6,"no COI","pro","correct","pos_noCOI"
501,2,90,6,4,4,6,"COI","con","correct","neg_COI"
502,1,80,4,4,5,6,"no COI","con","correct","neg_noCOI"
503,1,60,6,4,6,6,"no COI","pro","correct","pos_noCOI"
504,2,50,6,1,1,5,"COI","pro","correct","pos_COI"
505,2,50,4,3,4,3,"external COI","pro","correct","pos_extCOI"
506,1,60,5,4,5,4,"no COI","con","correct","neg_noCOI"
507,2,85,6,6,6,6,"external COI","con","correct","neg_extCOI"
508,2,20,5,6,6,6,"COI","pro","correct","pos_COI"
509,2,75,6,5,5,6,"COI","pro","correct","pos_COI"
510,2,55,6,4,6,5,"no COI","pro","incorrect","pos_noCOI"
511,2,65,4,3,5,5,"external COI","con","correct","neg_extCOI"
512,2,80,6,6,6,6,"external COI","con","correct","neg_extCOI"
513,1,70,5,5,5,5,"no COI","pro","correct","pos_noCOI"
514,1,60,7,7,6,6,"external COI","pro","incorrect","pos_extCOI"
515,1,50,4,4,4,4,"no COI","con","correct","neg_noCOI"
516,1,90,5,5,5,5,"no COI","con","correct","neg_noCOI"
517,2,70,6,5,5,6,"external COI","con","correct","neg_extCOI"
518,2,70,6,5,5,5,"COI","pro","correct","pos_COI"
519,1,60,4,3,4,3,"no COI","con","correct","neg_noCOI"
520,2,30,4,3,1,2,"COI","con","correct","neg_COI"
521,2,70,6,5,6,6,"external COI","con","correct","neg_extCOI"
522,2,75,6,4,6,6,"external COI","pro","correct","pos_extCOI"
523,1,100,6,4,6,6,"no COI","pro","correct","pos_noCOI"
524,1,15,3,3,3,2,"no COI","con","correct","neg_noCOI"
525,2,60,6,3,6,3,"external COI","pro","correct","pos_extCOI"
526,1,65,5,5,5,5,"COI","con","incorrect","neg_COI"
527,2,90,6,3,5,6,"external COI","con","correct","neg_extCOI"
528,2,50,3,1,2,2,"external COI","pro","correct","pos_extCOI"
529,2,50,5,4,5,5,"COI","pro","correct","pos_COI"
530,1,75,6,5,6,6,"no COI","con","correct","neg_noCOI"
531,2,50,3,2,2,2,"COI","pro","correct","pos_COI"
532,2,40,3,3,3,3,"external COI","con","correct","neg_extCOI"
533,2,75,5,6,5,3,"external COI","con","correct","neg_extCOI"
534,2,80,7,3,6,6,"COI","con","correct","neg_COI"
535,2,30,3,5,5,2,"COI","pro","correct","pos_COI"
536,2,50,5,4,5,5,"no COI","con","incorrect","neg_noCOI"
537,1,60,4,4,4,3,"no COI","con","correct","neg_noCOI"
538,2,20,5,5,5,5,"external COI","pro","correct","pos_extCOI"
539,1,70,6,6,6,6,"no COI","con","correct","neg_noCOI"
540,2,65,6,6,6,6,"external COI","con","correct","neg_extCOI"
541,1,50,4,4,4,4,"no COI","pro","correct","pos_noCOI"
542,2,80,5,4,5,5,"external COI","con","correct","neg_extCOI"
543,1,60,5,5,5,5,"no COI","con","correct","neg_noCOI"
544,1,56,5,5,6,5,"no COI","con","correct","neg_noCOI"
545,1,80,5,6,6,6,"external COI","pro","incorrect","pos_extCOI"
546,2,35,5,4,5,5,"COI","pro","correct","pos_COI"
547,2,90,7,4,6,7,"external COI","con","correct","neg_extCOI"
548,2,80,6,6,7,6,"COI","con","correct","neg_COI"
549,2,80,6,6,6,6,"COI","con","correct","neg_COI"
550,1,30,5,3,5,3,"no COI","con","correct","neg_noCOI"
551,1,85,5,5,5,6,"no COI","con","correct","neg_noCOI"
552,2,65,6,5,6,4,"COI","con","correct","neg_COI"
553,2,50,4,5,6,6,"external COI","con","correct","neg_extCOI"
554,1,90,6,4,6,6,"no COI","pro","correct","pos_noCOI"
555,1,68,5,4,6,5,"COI","con","incorrect","neg_COI"
556,2,50,4,4,4,4,"external COI","con","correct","neg_extCOI"
557,1,70,5,4,4,6,"no COI","pro","correct","pos_noCOI"
558,1,80,4,5,5,4,"COI","con","incorrect","neg_COI"
559,1,75,5,4,5,5,"no COI","con","correct","neg_noCOI"
560,2,70,6,5,6,6,"COI","con","correct","neg_COI"
561,1,60,5,3,5,5,"no COI","con","correct","neg_noCOI"
562,1,65,6,4,6,6,"COI","con","incorrect","neg_COI"
563,2,90,7,6,7,7,"external COI","pro","correct","pos_extCOI"
564,1,70,6,3,6,3,"no COI","con","correct","neg_noCOI"
565,1,90,6,6,6,2,"external COI","con","incorrect","neg_extCOI"
566,1,93,6,5,6,6,"COI","con","incorrect","neg_COI"
567,2,60,5,5,5,5,"COI","con","correct","neg_COI"
568,2,80,5,5,5,6,"external COI","con","correct","neg_extCOI"
569,1,70,6,4,5,6,"external COI","pro","incorrect","pos_extCOI"
570,2,80,5,5,6,5,"COI","pro","correct","pos_COI"
571,1,45,4,4,4,4,"no COI","pro","correct","pos_noCOI"
572,2,80,5,3,6,6,"external COI","con","correct","neg_extCOI"
573,2,80,5,5,5,5,"external COI","pro","correct","pos_extCOI"
574,1,0,1,1,1,1,"no COI","pro","correct","pos_noCOI"
575,2,60,5,4,6,5,"COI","pro","correct","pos_COI"
576,1,65,5,5,5,3,"no COI","pro","correct","pos_noCOI"
577,2,75,6,6,6,7,"COI","con","correct","neg_COI"
578,2,85,4,3,5,5,"external COI","pro","correct","pos_extCOI"
579,1,80,4,4,4,5,"no COI","pro","correct","pos_noCOI"
580,1,50,5,6,6,5,"no COI","pro","correct","pos_noCOI"
581,2,30,3,4,3,3,"COI","con","correct","neg_COI"
582,2,75,4,4,5,5,"external COI","pro","correct","pos_extCOI"
583,2,75,5,4,4,6,"external COI","con","correct","neg_extCOI"
584,2,60,6,5,6,5,"external COI","con","correct","neg_extCOI"
585,1,60,4,4,5,5,"no COI","con","correct","neg_noCOI"
586,1,80,4,4,4,4,"external COI","pro","incorrect","pos_extCOI"
587,2,85,7,2,3,6,"external COI","con","correct","neg_extCOI"
588,2,80,5,3,6,5,"external COI","con","correct","neg_extCOI"
589,1,80,6,5,6,6,"no COI","pro","correct","pos_noCOI"
590,2,38,4,5,5,4,"COI","pro","correct","pos_COI"
591,1,75,5,6,6,5,"no COI","pro","correct","pos_noCOI"
592,2,60,5,5,5,5,"external COI","con","correct","neg_extCOI"
593,2,45,5,5,5,5,"no COI","pro","incorrect","pos_noCOI"
594,2,100,6,3,5,6,"COI","con","correct","neg_COI"
595,2,60,3,3,3,4,"COI","pro","correct","pos_COI"
596,2,0,2,1,1,1,"external COI","con","correct","neg_extCOI"
597,2,30,3,5,5,2,"external COI","pro","correct","pos_extCOI"
598,2,80,5,6,6,6,"external COI","con","correct","neg_extCOI"
599,2,50,3,3,4,3,"external COI","con","correct","neg_extCOI"
600,2,50,5,5,5,4,"external COI","con","correct","neg_extCOI"
