"ID","attention_check","est_replicability","trust_authors","trust_company","trust_journal","trust_study","COI","result","AC"
1,1,70,5,4,5,5,"no COI","con","correct"
2,2,40,5,4,5,4,"no COI","con","incorrect"
3,1,90,6,6,6,6,"no COI","pro","correct"
4,2,90,3,7,7,6,"COI","con","correct"
5,1,50,4,4,5,3,"COI","con","incorrect"
6,1,80,6,6,6,6,"no COI","con","correct"
7,2,80,2,6,6,2,"no COI","con","incorrect"
8,1,50,5,4,4,5,"no COI","pro","correct"
9,1,50,6,6,6,2,"no COI","con","correct"
10,2,95,6,6,6,6,"COI","pro","correct"
11,2,45,5,3,4,5,"COI","con","correct"
12,2,50,4,4,4,3,"COI","pro","correct"
13,1,40,5,3,4,3,"no COI","pro","correct"
14,2,80,7,4,7,6,"COI","con","correct"
15,1,0,4,4,4,3,"no COI","pro","correct"
16,1,75,5,5,5,5,"no COI","con","correct"
17,1,80,5,5,5,5,"no COI","pro","correct"
18,2,60,3,4,3,3,"COI","pro","correct"
19,2,50,3,3,3,3,"COI","pro","correct"
20,1,60,5,5,6,5,"no COI","con","correct"
21,1,70,5,6,6,6,"COI","pro","incorrect"
22,2,80,6,6,6,6,"COI","con","correct"
23,1,79,6,4,5,4,"no COI","con","correct"
24,2,70,6,5,7,6,"COI","con","correct"
25,1,85,4,4,5,6,"no COI","con","correct"
26,1,75,6,6,6,6,"COI","con","incorrect"
27,1,50,5,4,4,4,"no COI","con","correct"
28,2,65,6,5,5,6,"COI","pro","correct"
29,1,90,6,6,6,6,"no COI","pro","correct"
30,1,95,6,6,6,6,"no COI","pro","correct"
31,1,70,6,6,5,5,"no COI","pro","correct"
32,1,60,5,3,4,5,"no COI","con","correct"
33,2,50,3,4,3,3,"COI","pro","correct"
34,1,70,5,4,4,5,"no COI","con","correct"
35,1,90,6,6,6,6,"no COI","pro","correct"
36,1,95,7,6,7,6,"no COI","pro","correct"
37,1,65,6,5,6,5,"no COI","con","correct"
38,2,60,5,5,4,5,"COI","pro","correct"
39,1,80,6,5,5,6,"no COI","pro","correct"
40,1,80,6,4,6,6,"no COI","pro","correct"
41,2,60,6,3,6,5,"COI","pro","correct"
42,1,98,6,6,7,6,"no COI","pro","correct"
43,2,80,5,5,5,5,"COI","pro","correct"
44,2,50,3,5,4,3,"COI","pro","correct"
45,1,95,6,6,6,6,"no COI","con","correct"
46,1,87,6,6,4,6,"no COI","con","correct"
47,2,80,6,4,6,6,"COI","con","correct"
48,1,67,4,3,3,4,"no COI","pro","correct"
49,2,79,6,7,6,7,"COI","pro","correct"
50,2,85,6,3,6,6,"COI","con","correct"
51,2,85,5,6,7,6,"COI","con","correct"
52,2,80,5,5,5,5,"no COI","pro","incorrect"
53,1,100,6,5,6,6,"no COI","con","correct"
54,1,75,6,6,6,6,"no COI","pro","correct"
55,2,75,6,4,6,6,"COI","pro","correct"
56,1,80,6,4,6,6,"no COI","con","correct"
57,2,30,5,5,5,5,"COI","con","correct"
58,1,70,5,6,6,5,"no COI","pro","correct"
59,2,50,5,5,5,5,"COI","con","correct"
60,2,70,4,4,4,4,"COI","pro","correct"
61,1,80,4,5,5,5,"COI","pro","incorrect"
62,2,50,3,4,5,2,"COI","pro","correct"
63,1,65,4,4,4,5,"no COI","pro","correct"
64,1,60,4,4,4,5,"no COI","pro","correct"
65,1,94,7,5,4,6,"no COI","con","correct"
66,1,80,5,5,6,5,"no COI","pro","correct"
67,1,50,4,4,4,4,"COI","pro","incorrect"
68,2,75,6,6,6,6,"no COI","con","incorrect"
69,2,75,5,4,6,6,"COI","pro","correct"
70,1,60,6,4,5,4,"COI","con","incorrect"
71,1,70,6,1,6,6,"no COI","con","correct"
72,1,70,5,4,5,5,"no COI","con","correct"
73,1,65,5,6,6,5,"no COI","pro","correct"
74,1,80,6,4,6,6,"no COI","con","correct"
75,1,80,6,5,6,6,"no COI","pro","correct"
76,2,50,4,4,5,4,"COI","pro","correct"
77,2,80,6,6,5,5,"COI","pro","correct"
78,1,80,6,3,6,6,"no COI","con","correct"
79,2,75,5,4,6,5,"COI","pro","correct"
80,2,50,6,6,6,6,"COI","con","correct"
81,1,100,4,3,3,5,"no COI","con","correct"
82,1,65,2,2,2,2,"COI","pro","incorrect"
83,2,40,3,3,5,3,"COI","pro","correct"
84,1,90,7,6,6,7,"no COI","con","correct"
85,1,90,6,6,6,6,"no COI","pro","correct"
86,1,90,6,6,6,6,"no COI","pro","correct"
87,2,60,5,4,6,5,"COI","pro","correct"
88,1,70,4,5,5,5,"no COI","pro","correct"
89,2,50,4,4,4,1,"COI","pro","correct"
90,1,50,4,4,4,4,"COI","con","incorrect"
91,2,90,6,5,6,6,"COI","con","correct"
92,1,80,5,4,4,5,"no COI","con","correct"
93,2,10,1,1,1,1,"COI","pro","correct"
94,2,65,5,4,6,5,"no COI","con","incorrect"
95,2,75,2,5,5,4,"no COI","pro","incorrect"
96,2,70,6,5,6,6,"COI","con","correct"
97,1,80,5,5,5,5,"no COI","pro","correct"
98,2,60,6,4,5,6,"COI","con","correct"
99,1,70,6,4,6,5,"no COI","con","correct"
100,1,50,6,3,6,6,"no COI","con","correct"
101,2,70,5,5,6,5,"COI","pro","correct"
102,1,60,5,4,6,5,"no COI","pro","correct"
103,1,90,6,5,6,6,"no COI","con","correct"
104,1,65,5,5,5,5,"no COI","con","correct"
105,2,65,3,3,5,3,"COI","pro","correct"
106,2,70,6,6,6,6,"no COI","pro","incorrect"
107,2,80,6,4,6,6,"COI","pro","correct"
108,1,60,6,5,6,6,"no COI","pro","correct"
109,1,80,5,5,5,5,"no COI","pro","correct"
110,1,80,6,4,4,6,"no COI","pro","correct"
111,2,75,6,6,6,6,"no COI","pro","incorrect"
112,2,55,5,4,5,5,"COI","con","correct"
113,1,70,4,5,5,5,"no COI","con","correct"
114,2,95,6,4,5,6,"COI","con","correct"
115,1,80,6,6,6,6,"COI","pro","incorrect"
116,2,40,5,4,5,4,"COI","con","correct"
117,1,80,6,6,6,6,"no COI","con","correct"
118,2,50,4,4,6,4,"COI","pro","correct"
119,2,40,3,4,6,2,"COI","pro","correct"
120,1,95,6,5,6,6,"no COI","con","correct"
121,2,50,4,4,4,4,"COI","con","correct"
122,1,75,7,4,7,6,"no COI","con","correct"
123,2,45,4,3,4,5,"COI","pro","correct"
124,2,60,7,3,7,6,"COI","con","correct"
125,2,90,6,5,6,6,"COI","con","correct"
126,1,50,5,5,5,5,"COI","con","incorrect"
127,2,75,5,5,5,5,"COI","con","correct"
128,2,40,3,4,5,3,"COI","pro","correct"
129,1,75,5,5,6,5,"no COI","pro","correct"
130,2,50,4,3,5,3,"COI","con","correct"
131,2,70,5,5,6,6,"no COI","con","incorrect"
132,2,65,5,6,6,5,"no COI","con","incorrect"
133,1,95,7,7,7,7,"COI","pro","incorrect"
134,2,50,4,4,4,4,"COI","con","correct"
135,1,45,5,4,4,5,"no COI","con","correct"
136,2,90,6,4,6,6,"COI","con","correct"
137,2,50,1,1,1,1,"COI","pro","correct"
138,2,75,5,5,5,5,"COI","pro","correct"
139,1,65,5,5,5,5,"no COI","pro","correct"
140,1,75,5,6,6,6,"no COI","pro","correct"
141,1,50,4,3,4,3,"no COI","pro","correct"
142,2,60,4,4,5,4,"COI","pro","correct"
143,2,67,4,4,4,5,"COI","con","correct"
144,1,95,7,5,4,6,"no COI","pro","correct"
145,2,50,4,4,4,4,"COI","pro","correct"
146,2,40,4,4,6,3,"COI","pro","correct"
147,2,80,6,5,6,6,"COI","con","correct"
148,1,65,4,4,4,4,"no COI","pro","correct"
149,1,80,5,5,6,6,"no COI","pro","correct"
150,1,90,6,7,6,7,"COI","pro","incorrect"
151,2,50,4,5,5,5,"COI","pro","correct"
152,2,60,6,4,6,6,"COI","con","correct"
153,1,60,5,4,4,6,"no COI","pro","correct"
154,1,50,4,2,4,4,"no COI","con","correct"
155,2,70,5,6,5,4,"no COI","con","incorrect"
156,2,25,3,2,2,3,"COI","con","correct"
157,1,65,4,4,4,3,"no COI","pro","correct"
158,1,75,3,3,2,2,"no COI","con","correct"
159,2,60,4,4,4,5,"COI","con","correct"
160,2,35,5,3,3,3,"COI","con","correct"
161,1,75,5,5,4,5,"no COI","pro","correct"
162,1,80,4,6,4,4,"COI","con","incorrect"
163,2,60,5,4,5,5,"COI","pro","correct"
164,1,80,5,4,4,5,"no COI","con","correct"
165,1,50,4,4,4,3,"no COI","con","correct"
166,2,65,3,4,4,3,"COI","pro","correct"
167,1,95,5,5,5,5,"no COI","con","correct"
168,2,30,3,4,3,5,"no COI","con","incorrect"
169,2,60,5,5,5,5,"COI","pro","correct"
170,2,90,7,5,7,7,"COI","con","correct"
171,1,75,4,4,4,6,"no COI","con","correct"
172,2,75,5,5,6,5,"COI","pro","correct"
173,2,75,6,4,6,5,"COI","con","correct"
174,1,80,6,5,6,6,"no COI","con","correct"
175,1,54,4,3,5,4,"no COI","con","correct"
176,1,65,5,5,5,5,"no COI","con","correct"
177,2,70,6,3,6,6,"COI","pro","correct"
178,2,50,6,4,6,3,"no COI","con","incorrect"
179,2,90,6,6,4,7,"COI","con","correct"
180,2,85,6,5,6,6,"COI","con","correct"
181,2,80,4,4,4,5,"COI","pro","correct"
182,1,50,5,5,5,5,"no COI","con","correct"
183,1,65,5,5,5,5,"no COI","pro","correct"
184,2,85,6,6,5,6,"no COI","pro","incorrect"
185,1,80,6,6,6,6,"no COI","pro","correct"
186,1,60,5,6,5,6,"no COI","con","correct"
187,1,60,6,4,6,6,"no COI","con","correct"
188,1,80,6,5,6,6,"no COI","pro","correct"
189,1,80,6,6,6,5,"no COI","con","correct"
190,2,80,5,5,5,5,"COI","pro","correct"
191,2,50,4,4,4,4,"no COI","pro","incorrect"
192,2,50,2,4,4,6,"no COI","pro","incorrect"
193,1,50,4,4,4,4,"no COI","pro","correct"
194,2,75,6,4,7,6,"COI","con","correct"
195,1,85,5,6,5,6,"no COI","pro","correct"
196,2,75,6,6,7,6,"COI","pro","correct"
197,2,85,6,4,6,6,"COI","con","correct"
198,1,85,5,6,5,5,"no COI","pro","correct"
199,2,100,5,5,5,6,"COI","con","correct"
200,2,50,4,4,4,2,"COI","pro","correct"
201,1,85,6,6,6,6,"no COI","pro","correct"
202,1,70,4,4,4,5,"no COI","pro","correct"
203,1,95,7,6,7,7,"no COI","con","correct"
204,1,50,5,4,5,4,"COI","con","incorrect"
205,2,40,5,4,4,5,"COI","con","correct"
206,1,75,6,4,6,6,"no COI","con","correct"
207,2,80,6,5,6,6,"COI","con","correct"
208,2,75,5,5,5,5,"COI","con","correct"
209,2,75,5,5,5,6,"COI","pro","correct"
210,2,50,6,4,5,4,"COI","pro","correct"
211,1,95,5,6,6,6,"no COI","pro","correct"
212,1,90,5,5,5,4,"no COI","pro","correct"
213,1,100,6,6,7,6,"no COI","con","correct"
214,1,80,6,4,6,6,"no COI","pro","correct"
215,1,50,4,4,4,5,"no COI","pro","correct"
216,2,50,3,4,5,3,"COI","pro","correct"
217,2,30,3,5,4,4,"COI","con","correct"
218,2,80,5,4,3,5,"no COI","pro","incorrect"
219,2,30,4,5,5,5,"COI","pro","correct"
220,2,70,6,5,6,6,"COI","pro","correct"
221,1,60,4,5,5,5,"no COI","pro","correct"
222,1,95,4,4,4,5,"no COI","pro","correct"
223,1,80,6,4,6,6,"no COI","con","correct"
224,1,85,6,6,6,6,"no COI","pro","correct"
225,2,85,7,6,6,6,"COI","con","correct"
226,2,50,4,4,4,4,"COI","pro","correct"
227,2,90,6,6,6,6,"COI","pro","correct"
228,1,60,6,6,6,6,"no COI","pro","correct"
229,2,60,5,5,5,5,"COI","pro","correct"
230,1,80,7,7,7,7,"no COI","pro","correct"
231,1,75,6,6,6,6,"no COI","con","correct"
232,2,100,2,5,6,6,"COI","pro","correct"
233,2,40,5,3,5,6,"COI","pro","correct"
234,1,50,4,4,5,4,"COI","pro","incorrect"
235,1,90,6,6,6,7,"no COI","con","correct"
236,1,80,5,5,5,6,"no COI","con","correct"
237,2,30,4,3,3,3,"COI","con","correct"
238,1,90,6,5,5,6,"no COI","pro","correct"
239,1,60,5,5,5,5,"COI","con","incorrect"
240,1,85,4,4,4,6,"no COI","con","correct"
241,1,100,7,7,7,7,"COI","pro","incorrect"
242,1,80,6,5,7,6,"no COI","con","correct"
243,1,75,5,5,5,5,"no COI","pro","correct"
244,1,75,6,4,6,6,"no COI","con","correct"
245,2,64,5,5,5,3,"COI","pro","correct"
246,2,70,5,4,4,5,"COI","pro","correct"
247,2,50,7,6,6,6,"COI","con","correct"
248,2,75,6,5,5,5,"COI","con","correct"
249,2,40,3,3,3,2,"COI","pro","correct"
250,2,50,2,3,2,2,"no COI","con","incorrect"
251,2,80,5,5,5,5,"COI","con","correct"
252,2,65,6,5,5,6,"COI","pro","correct"
253,1,85,5,5,5,5,"no COI","con","correct"
254,1,80,6,4,6,6,"no COI","con","correct"
255,2,50,4,4,4,4,"COI","pro","correct"
256,1,50,5,5,5,5,"no COI","con","correct"
257,1,65,4,3,5,5,"no COI","pro","correct"
258,1,90,5,4,5,5,"no COI","con","correct"
259,2,80,6,6,6,6,"COI","con","correct"
260,2,75,5,5,5,5,"no COI","con","incorrect"
261,1,80,6,6,6,5,"COI","pro","incorrect"
262,1,75,5,5,5,5,"no COI","con","correct"
263,2,85,6,3,6,6,"COI","con","correct"
264,1,90,6,5,6,6,"no COI","con","correct"
265,2,43,4,4,4,4,"no COI","con","incorrect"
266,1,30,4,5,4,3,"no COI","pro","correct"
267,1,60,4,4,4,6,"no COI","con","correct"
268,2,60,6,6,6,6,"COI","con","correct"
269,1,100,6,6,6,6,"no COI","pro","correct"
270,1,75,5,4,5,5,"no COI","con","correct"
271,2,45,4,4,4,3,"COI","pro","correct"
272,1,75,6,6,6,6,"no COI","pro","correct"
273,1,50,6,6,6,6,"no COI","con","correct"
274,1,50,4,4,4,3,"no COI","con","correct"
275,1,55,3,2,5,5,"no COI","pro","correct"
276,1,40,4,3,4,5,"no COI","con","correct"
277,2,80,6,4,5,6,"COI","pro","correct"
278,1,75,6,3,5,6,"no COI","con","correct"
279,2,50,4,4,4,4,"COI","pro","correct"
280,2,50,4,4,4,4,"COI","pro","correct"
281,1,75,4,4,5,3,"no COI","con","correct"
282,1,50,5,5,5,5,"COI","pro","incorrect"
283,1,80,6,5,6,5,"no COI","con","correct"
284,2,50,4,5,4,5,"COI","con","correct"
285,1,70,6,6,6,6,"no COI","pro","correct"
286,1,80,6,6,5,6,"no COI","con","correct"
287,1,50,4,4,5,6,"COI","con","incorrect"
288,2,30,3,4,5,3,"COI","pro","correct"
289,2,90,7,4,6,6,"COI","con","correct"
290,1,60,3,6,4,5,"no COI","con","correct"
291,2,50,4,4,4,4,"COI","pro","correct"
292,1,65,4,4,4,5,"no COI","pro","correct"
293,1,85,6,6,6,6,"COI","con","incorrect"
294,2,0,2,2,2,2,"COI","con","correct"
295,2,75,5,5,5,5,"COI","pro","correct"
296,1,75,4,4,4,4,"no COI","con","correct"
297,1,60,5,5,5,5,"no COI","pro","correct"
298,2,90,7,7,7,7,"COI","con","correct"
299,1,60,3,4,4,3,"no COI","pro","correct"
300,2,50,2,4,2,2,"COI","pro","correct"
301,2,80,5,4,5,6,"COI","con","correct"
302,2,40,7,7,7,7,"COI","pro","correct"
303,2,85,7,1,7,7,"COI","con","correct"
304,1,80,5,4,5,6,"no COI","con","correct"
305,2,90,6,6,6,6,"COI","con","correct"
306,1,85,6,6,6,6,"no COI","pro","correct"
307,1,60,5,4,4,4,"no COI","con","correct"
308,2,50,3,4,5,3,"COI","pro","correct"
309,2,95,7,7,7,7,"COI","con","correct"
310,2,50,5,4,4,5,"COI","con","correct"
311,2,75,5,4,6,5,"COI","con","correct"
312,1,80,6,5,6,5,"no COI","con","correct"
313,2,80,6,6,6,6,"COI","con","correct"
314,1,60,4,3,4,5,"no COI","con","correct"
315,2,35,7,7,7,7,"COI","con","correct"
316,2,50,4,4,4,4,"COI","pro","correct"
317,1,75,6,6,6,6,"no COI","pro","correct"
318,2,75,5,5,6,5,"COI","pro","correct"
319,1,85,5,5,5,5,"COI","pro","incorrect"
320,1,50,5,4,5,4,"COI","pro","incorrect"
321,2,60,6,6,6,6,"COI","pro","correct"
322,1,70,6,5,6,6,"no COI","pro","correct"
323,2,33,5,5,5,5,"COI","pro","correct"
324,1,70,5,5,5,5,"no COI","pro","correct"
325,1,75,6,4,6,6,"no COI","con","correct"
326,2,10,4,4,4,4,"COI","con","correct"
327,1,90,7,5,7,7,"no COI","pro","correct"
328,1,50,4,3,4,4,"COI","con","incorrect"
329,1,80,5,4,5,5,"no COI","pro","correct"
330,2,50,5,4,5,4,"COI","con","correct"
331,2,25,1,2,3,1,"COI","pro","correct"
332,2,60,5,5,4,5,"COI","con","correct"
333,1,50,6,4,4,5,"no COI","con","correct"
334,1,80,6,4,4,6,"no COI","con","correct"
335,1,30,4,4,4,4,"no COI","con","correct"
336,1,0,5,4,3,4,"COI","pro","incorrect"
337,1,70,6,6,6,6,"no COI","con","correct"
338,1,75,4,4,4,4,"no COI","con","correct"
339,2,70,4,4,5,4,"COI","pro","correct"
340,2,100,7,7,7,7,"no COI","con","incorrect"
341,1,75,6,5,6,6,"COI","pro","incorrect"
342,2,30,4,4,3,4,"COI","pro","correct"
343,2,75,5,5,6,6,"no COI","pro","incorrect"
344,2,50,4,4,4,3,"COI","pro","correct"
345,2,70,4,4,5,5,"COI","pro","correct"
346,2,50,5,4,5,5,"COI","con","correct"
347,1,50,4,4,4,4,"no COI","pro","correct"
348,2,50,4,4,4,4,"COI","pro","correct"
349,1,95,6,5,6,6,"no COI","pro","correct"
350,1,100,6,6,6,6,"COI","con","incorrect"
351,2,65,6,6,6,6,"COI","con","correct"
352,1,90,5,5,6,5,"no COI","pro","correct"
353,1,80,5,4,4,5,"no COI","con","correct"
354,1,60,3,3,3,3,"no COI","pro","correct"
355,1,70,6,4,6,6,"no COI","con","correct"
356,1,70,5,5,6,6,"no COI","pro","correct"
357,1,80,5,5,6,5,"no COI","con","correct"
358,1,70,6,4,6,6,"no COI","con","correct"
359,2,92,6,6,6,6,"COI","con","correct"
360,2,40,4,3,3,4,"COI","pro","correct"
361,1,80,7,5,7,7,"COI","pro","incorrect"
362,2,80,5,3,5,5,"COI","con","correct"
363,1,78,5,5,3,4,"no COI","con","correct"
364,2,85,5,5,5,5,"COI","pro","correct"
365,1,95,6,4,6,6,"no COI","pro","correct"
366,2,65,5,4,5,5,"no COI","con","incorrect"
367,1,75,5,5,5,6,"no COI","pro","correct"
368,1,50,4,2,4,2,"no COI","con","correct"
369,1,50,5,4,4,5,"no COI","con","correct"
370,2,80,5,4,6,5,"COI","pro","correct"
371,1,70,4,4,4,5,"no COI","con","correct"
372,1,70,5,5,6,5,"no COI","con","correct"
373,1,10,5,5,5,6,"no COI","pro","correct"
374,1,100,7,6,6,5,"no COI","pro","correct"
375,1,80,6,6,6,6,"no COI","pro","correct"
376,1,90,6,6,6,6,"no COI","con","correct"
377,1,80,7,6,6,6,"no COI","con","correct"
378,2,65,5,5,5,5,"COI","con","correct"
379,2,66,5,5,4,5,"COI","pro","correct"
380,1,65,5,4,4,5,"no COI","pro","correct"
381,1,85,6,4,6,6,"no COI","con","correct"
382,1,70,6,4,6,6,"no COI","con","correct"
383,2,20,4,4,4,4,"COI","con","correct"
384,2,40,4,5,5,3,"COI","pro","correct"
385,1,90,7,6,7,7,"no COI","con","correct"
386,1,60,5,4,4,5,"no COI","pro","correct"
387,1,50,4,4,5,5,"no COI","pro","correct"
388,2,45,4,3,6,4,"COI","con","correct"
389,2,80,6,3,5,5,"no COI","pro","incorrect"
390,2,50,4,5,4,5,"COI","pro","correct"
391,2,70,6,6,6,6,"COI","pro","correct"
392,2,40,2,2,3,2,"COI","pro","correct"
393,2,70,4,4,6,5,"COI","pro","correct"
394,1,75,5,5,5,5,"no COI","pro","correct"
395,1,50,5,4,5,5,"no COI","con","correct"
396,2,85,7,5,7,7,"COI","con","correct"
397,1,50,2,2,2,3,"no COI","pro","correct"
398,2,77,5,5,5,5,"COI","pro","correct"
399,1,60,3,7,4,1,"no COI","pro","correct"
400,2,65,6,6,6,6,"COI","pro","correct"
401,2,60,4,3,3,3,"COI","pro","correct"
402,2,50,4,4,5,5,"no COI","pro","incorrect"
403,2,78,6,7,7,6,"COI","con","correct"
404,2,100,7,7,7,7,"COI","pro","correct"
405,2,100,7,6,6,7,"no COI","con","incorrect"
406,2,50,4,4,4,4,"COI","pro","correct"
407,1,100,6,7,7,6,"no COI","con","correct"
408,1,90,6,6,6,6,"no COI","pro","correct"
409,1,80,6,6,6,6,"no COI","pro","correct"
410,2,80,7,6,7,6,"COI","pro","correct"
411,1,70,5,5,5,3,"no COI","pro","correct"
412,2,75,6,4,6,6,"COI","con","correct"
413,1,75,6,6,6,6,"no COI","pro","correct"
414,1,80,4,5,6,3,"COI","con","incorrect"
415,2,50,6,6,5,6,"no COI","pro","incorrect"
416,2,70,6,6,6,6,"COI","con","correct"
417,2,100,6,3,5,7,"COI","con","correct"
418,1,90,6,6,6,6,"COI","con","incorrect"
419,2,80,6,4,6,6,"COI","con","correct"
420,2,100,7,3,6,6,"COI","con","correct"
421,1,20,4,4,5,2,"COI","con","incorrect"
422,2,99,7,2,5,7,"no COI","pro","incorrect"
423,2,85,7,5,7,7,"COI","con","correct"
424,2,80,5,7,5,7,"COI","pro","correct"
425,2,50,4,4,4,5,"COI","con","correct"
426,2,100,4,4,4,4,"COI","con","correct"
427,1,85,6,6,7,7,"no COI","pro","correct"
428,2,70,6,6,7,6,"COI","con","correct"
429,2,78,6,6,6,6,"COI","con","correct"
430,2,25,3,1,4,2,"COI","con","correct"
431,2,70,5,5,5,6,"COI","con","correct"
432,2,80,6,6,7,6,"COI","pro","correct"
433,2,60,7,5,6,5,"COI","con","correct"
434,2,80,4,4,4,4,"COI","con","correct"
435,2,65,5,5,5,5,"COI","pro","correct"
436,1,45,6,5,6,5,"no COI","pro","correct"
437,2,85,6,6,6,6,"COI","pro","correct"
438,2,60,6,6,6,6,"COI","con","correct"
439,2,60,3,4,6,3,"COI","con","correct"
440,2,95,7,7,7,7,"COI","con","correct"
441,1,89,6,6,6,6,"no COI","con","correct"
442,2,98,7,6,6,7,"COI","con","correct"
443,1,90,7,7,7,7,"COI","con","incorrect"
444,2,50,4,3,4,5,"COI","con","correct"
445,2,70,6,5,5,6,"COI","con","correct"
446,2,85,6,5,6,6,"COI","con","correct"
447,2,60,6,6,6,6,"COI","con","correct"
448,2,80,4,5,5,5,"COI","con","correct"
449,1,50,4,4,4,5,"COI","con","incorrect"
